City,Latitude,Longitude,Max Temp,Humidity,Cloudiness,Wind Speed,Country,Date
lebu,-37.6167,-73.65,9.08,68,95,2.1,CL,1651151620
tevaitoa,-16.7833,-151.5,27.54,71,13,10.79,PF,1651151621
mirabad,30.4362,61.8383,37.58,11,33,1.14,AF,1651151622
khadyzhensk,44.4256,39.5319,20.23,73,100,3.19,RU,1651151623
marrakesh,31.6315,-8.0083,23.04,40,0,3.6,MA,1651151623
atuona,-9.8,-139.0333,25.63,78,75,9.46,PF,1651151624
busselton,-33.65,115.3333,13.93,75,74,2.94,AU,1651151625
pisco,-13.7,-76.2167,18.03,88,20,1.03,PE,1651151626
vaini,-21.2,-175.2,25.09,69,20,5.14,TO,1651151626
rorvik,64.8621,11.2373,5.06,52,40,6.17,NO,1651151627
georgetown,5.4112,100.3354,29.97,79,20,1.54,MY,1651151440
port alfred,-33.5906,26.891,23.99,58,0,0.89,ZA,1651151629
gopalpur,19.2667,84.9167,28.62,79,11,8.83,IN,1651151629
mataura,-46.1927,168.8643,5.54,99,8,0.79,NZ,1651151630
sambava,-14.2667,50.1667,27.4,75,10,5.01,MG,1651151631
lukulu,-14.3707,23.242,27.57,41,7,4.87,ZM,1651151632
new norfolk,-42.7826,147.0587,15.95,84,100,1.39,AU,1651151632
tuktoyaktuk,69.4541,-133.0374,-16.77,100,100,2.24,CA,1651151633
kulykiv,50.3142,24.8176,14.42,48,100,2.15,UA,1651151634
brae,60.3964,-1.353,8.64,68,100,4.58,GB,1651151635
dingle,10.9995,122.6711,25.59,88,100,1.86,PH,1651151635
tarbagatay,51.4803,107.3602,2.49,44,9,2.64,RU,1651151636
panjab,34.388,67.0233,17.55,29,74,5.89,AF,1651151637
berlevag,70.8578,29.0864,-3.03,68,75,14.92,NO,1651151637
bluff,-46.6,168.3333,9.68,81,41,0.83,NZ,1651151638
vinh,18.6667,105.6667,25.86,91,90,2.8,VN,1651151223
ushuaia,-54.8,-68.3,4.81,65,40,9.26,AR,1651151359
fraga,41.5229,0.3489,21.99,33,100,1.82,ES,1651151640
yellowknife,62.456,-114.3525,-3.02,79,42,5.81,CA,1651151641
avarua,-21.2078,-159.775,26.03,89,20,3.6,CK,1651151398
porto walter,-8.2686,-72.7439,24.01,93,100,0.93,BR,1651151642
ilulissat,69.2167,-51.1,-1.99,80,100,2.06,GL,1651151643
east london,-33.0153,27.9116,23.32,41,0,3.05,ZA,1651151644
bubaque,11.2833,-15.8333,26.08,59,21,2.06,GW,1651151645
kavieng,-2.5744,150.7967,28.52,71,100,3.04,PG,1651151645
hirara,24.8,125.2833,26.28,89,0,5.78,JP,1651151629
cape town,-33.9258,18.4232,22.16,65,0,5.36,ZA,1651151647
butaritari,3.0707,172.7902,27.26,81,100,7.19,KI,1651151647
rikitea,-23.1203,-134.9692,25.17,67,16,9.39,PF,1651151648
nantucket,41.2835,-70.0995,8.08,56,0,8.23,US,1651151650
nhulunbuy,-12.2333,136.7667,26.34,89,74,0.51,AU,1651151651
kodiak,57.79,-152.4072,2.73,93,100,2.06,US,1651151552
mirnyy,62.5353,113.9611,-4.24,93,86,1.56,RU,1651151652
nuuk,64.1835,-51.7216,2.34,93,100,12.35,GL,1651151653
longyearbyen,78.2186,15.6401,-13.09,52,40,7.72,SJ,1651151654
alofi,-19.0595,-169.9187,26.18,77,100,9.75,NU,1651151403
hamilton,39.1834,-84.5333,7.92,59,75,5.14,US,1651151655
kruisfontein,-34.0033,24.7314,24.38,34,0,4.03,ZA,1651151656
port elizabeth,-33.918,25.5701,25.61,43,0,3.76,ZA,1651151656
khatanga,71.9667,102.5,-0.69,87,100,7.33,RU,1651151657
arraial do cabo,-22.9661,-42.0278,27.92,65,0,6.69,BR,1651151658
carnarvon,-24.8667,113.6333,21.04,68,0,7.2,AU,1651151658
loandjili,-4.7561,11.8578,27.66,74,75,2.06,CG,1651151659
kaitangata,-46.2817,169.8464,9.13,92,92,0.99,NZ,1651151660
jamestown,42.097,-79.2353,2.23,80,40,3.6,US,1651151548
wasilla,61.5814,-149.4394,5.1,77,40,0.0,US,1651151661
port blair,11.6667,92.75,28.02,89,40,0.51,IN,1651151662
dubai,25.2582,55.3047,36.16,29,0,4.12,AE,1651151133
bambous virieux,-20.3428,57.7575,27.34,88,75,3.09,MU,1651151664
santiago,-33.4569,-70.6483,13.43,85,75,2.06,CL,1651151369
albany,42.6001,-73.9662,4.54,49,42,2.24,US,1651151665
luderitz,-26.6481,15.1594,21.67,49,0,3.88,NA,1651151666
tiksi,71.6872,128.8694,-18.64,100,27,2.48,RU,1651151667
eyl,7.9803,49.8164,30.79,57,89,5.03,SO,1651151668
ampanihy,-24.7,44.75,21.95,56,100,6.51,MG,1651151669
puerto carreno,6.189,-67.4859,27.86,70,92,2.69,CO,1651151670
qasigiannguit,68.8193,-51.1922,-1.86,89,100,1.51,GL,1651151671
hermanus,-34.4187,19.2345,25.45,52,5,6.56,ZA,1651151672
platteville,42.7342,-90.4785,4.31,81,75,6.69,US,1651151672
sao lourenco do oeste,-26.3592,-52.8511,21.96,74,50,4.62,BR,1651151673
honningsvag,70.9821,25.9704,-3.14,63,100,13.38,NO,1651151674
faanui,-16.4833,-151.75,27.42,71,8,10.69,PF,1651151675
takhtamygda,54.1,123.5667,2.83,57,100,4.29,RU,1651151675
barrow,71.2906,-156.7887,-14.99,85,100,6.17,US,1651151676
saskylakh,71.9167,114.0833,-4.19,89,100,6.32,RU,1651151677
kavaratti,10.5669,72.642,30.18,68,40,1.34,IN,1651151677
nikolskoye,59.7035,30.7861,6.6,36,100,3.72,RU,1651151678
royan,45.6285,-1.0281,17.61,66,38,3.44,FR,1651151679
sabang,5.8933,95.3214,29.57,74,55,5.01,ID,1651151680
hofn,64.2539,-15.2082,9.01,76,100,2.57,IS,1651151680
stokmarknes,68.5646,14.9108,0.98,69,100,5.66,NO,1651151681
fort nelson,58.8053,-122.7002,0.77,93,100,3.6,CA,1651151682
marsh harbour,26.5412,-77.0636,23.53,67,19,2.41,BS,1651151682
xining,36.6167,101.7667,12.52,30,100,8.41,CN,1651151683
luancheng,37.8792,114.6517,8.63,77,0,2.83,CN,1651151685
aguimes,27.9054,-15.4461,20.37,53,20,12.35,ES,1651151686
bella union,-30.2752,-57.6007,18.15,91,59,7.62,UY,1651151687
shimanovsk,52.0,127.7,4.38,36,71,0.92,RU,1651151687
aksarka,66.5606,67.7975,-3.95,81,100,1.3,RU,1651151688
hobart,-42.8794,147.3294,16.26,93,100,0.0,AU,1651150831
mar del plata,-38.0023,-57.5575,11.04,66,20,7.6,AR,1651151689
yeppoon,-23.1333,150.7333,20.88,83,3,6.65,AU,1651151690
onega,63.9061,38.1404,1.41,51,65,2.9,RU,1651151691
phuket,8.0,98.25,31.72,79,20,2.57,TH,1651151673
dikson,73.5069,80.5464,-9.38,77,7,8.94,RU,1651151692
cherskiy,68.75,161.3,-4.02,97,100,3.58,RU,1651151693
inuvik,68.3499,-133.7218,-21.22,100,100,1.36,CA,1651151694
port lincoln,-34.7333,135.8667,17.91,85,0,5.66,AU,1651151644
puerto ayora,-0.7393,-90.3518,22.36,85,8,2.89,EC,1651151696
upernavik,72.7868,-56.1549,-5.61,92,100,6.21,GL,1651151697
nanakuli,21.3906,-158.1547,23.97,73,100,2.06,US,1651151698
isangel,-19.55,169.2667,25.57,75,100,10.21,VU,1651151698
iqaluit,63.7506,-68.5145,-8.15,72,100,8.75,CA,1651151699
abu dhabi,24.4667,54.3667,36.06,29,0,5.14,AE,1651151700
bredasdorp,-34.5322,20.0403,20.77,53,95,5.15,ZA,1651151701
gura teghii,45.4833,26.4167,10.93,85,100,1.05,RO,1651151702
victoria,22.2855,114.1577,29.54,81,5,4.47,HK,1651151483
menomonie,44.8755,-91.9193,2.93,51,97,5.66,US,1651151704
caravelas,-17.7125,-39.2481,27.46,68,1,2.68,BR,1651151704
torbay,47.6666,-52.7314,6.53,90,100,4.12,CA,1651151705
santa maria,-29.6842,-53.8069,20.9,96,100,3.38,BR,1651151706
tuyen quang,21.8233,105.2181,27.37,88,87,1.29,VN,1651151707
kharan,28.5833,65.4167,37.91,8,80,3.27,PK,1651151708
woodward,36.4337,-99.3904,16.65,92,40,9.26,US,1651151708
jiuquan,39.7432,98.5174,15.32,22,100,3.46,CN,1651151709
dudinka,69.4058,86.1778,-9.03,96,71,2.08,RU,1651151711
clyde river,70.4692,-68.5914,-17.87,65,0,1.54,CA,1651151712
knysna,-34.0363,23.0471,22.25,46,5,2.89,ZA,1651151712
chokurdakh,70.6333,147.9167,-21.6,100,88,1.63,RU,1651151713
vila franca do campo,37.7167,-25.4333,20.66,88,99,11.09,PT,1651151714
constitucion,-35.3333,-72.4167,10.49,72,9,3.75,CL,1651151715
mahebourg,-20.4081,57.7,26.81,88,75,3.09,MU,1651151715
grindavik,63.8424,-22.4338,9.97,76,75,5.66,IS,1651151716
kapaa,22.0752,-159.319,22.99,91,75,4.63,US,1651151717
cravinhos,-21.3403,-47.7294,26.4,41,3,3.08,BR,1651151718
lompoc,34.6391,-120.4579,9.88,79,100,11.62,US,1651151718
itarema,-2.9248,-39.9167,28.74,72,100,5.23,BR,1651151719
san cristobal,7.7669,-72.225,20.1,76,100,0.63,VE,1651151722
atar,20.5169,-13.0499,32.97,10,0,2.56,MR,1651151722
kokopo,-4.352,152.2633,25.51,85,50,2.41,PG,1651151723
saldanha,-33.0117,17.9442,18.34,63,36,4.57,ZA,1651151724
jardim,-21.4803,-56.1381,28.41,45,0,3.31,BR,1651151725
zabol,32.25,67.25,26.97,15,12,7.74,AF,1651151725
saint-philippe,-21.3585,55.7679,27.34,79,52,3.54,RE,1651151726
vydrino,51.485,104.8461,-0.71,72,12,3.17,RU,1651151727
muzhi,65.3667,64.6667,-2.05,64,100,3.95,RU,1651151728
warri,5.5167,5.75,31.5,55,100,0.88,NG,1651151729
aswan,24.0934,32.907,39.21,8,0,3.25,EG,1651151654
puerto escondido,15.85,-97.0667,25.46,83,0,3.6,MX,1651151731
lubao,14.9167,120.55,29.84,72,100,1.81,PH,1651151732
dingli,35.8614,14.3822,17.12,72,0,5.66,MT,1651151732
solntsevo,51.4185,36.7499,14.95,49,99,3.06,RU,1651151733
saint-louis,16.3333,-15.0,37.77,10,0,3.89,SN,1651151734
changping,40.2186,116.2197,10.8,58,0,2.86,CN,1651151735
dno,57.8277,29.9637,7.79,32,100,4.11,RU,1651151735
najran,17.4924,44.1277,35.36,20,51,6.62,SA,1651151736
dunedin,-45.8742,170.5036,11.56,81,50,1.45,NZ,1651151737
yali,6.6746,-74.8343,18.23,97,100,0.6,CO,1651151738
saint george,37.1041,-113.5841,19.41,22,0,4.63,US,1651151660
severo-kurilsk,50.6789,156.125,-0.12,92,100,2.4,RU,1651151739
hilo,19.7297,-155.09,22.38,91,100,1.54,US,1651151740
leningradskiy,69.3833,178.4167,-11.12,96,98,2.68,RU,1651151741
bathsheba,13.2167,-59.5167,24.34,100,75,6.17,BB,1651151741
ponta do sol,32.6667,-17.1,22.06,68,100,1.26,PT,1651151743
carballo,43.213,-8.691,20.01,78,2,3.7,ES,1651151744
kahului,20.8947,-156.47,23.8,78,0,3.58,US,1651151745
huilong,31.8111,121.655,14.96,96,100,6.97,CN,1651151746
tuatapere,-46.1333,167.6833,7.56,95,42,1.54,NZ,1651151746
thompson,55.7435,-97.8558,-0.91,59,75,2.06,CA,1651151747
bagdarin,54.4333,113.6,-1.03,78,99,2.99,RU,1651151748
zaraza,9.3503,-65.3245,27.75,68,99,2.18,VE,1651151749
salalah,17.0151,54.0924,31.05,70,20,4.63,OM,1651151749
naze,28.3667,129.4833,22.51,92,20,3.71,JP,1651151750
alyangula,-13.8483,136.4192,27.61,76,30,4.14,AU,1651151751
ugoofaaru,5.6667,73.0,29.61,68,100,1.71,MV,1651151752
hithadhoo,-0.6,73.0833,29.84,68,100,3.19,MV,1651151753
yebaishou,41.3975,119.6408,9.18,43,1,2.46,CN,1651151753
lumut,4.2323,100.6298,30.01,79,40,1.03,MY,1651151754
catamarca,-28.4696,-65.7852,18.21,48,0,0.89,AR,1651151755
paamiut,61.994,-49.6678,2.07,98,100,9.07,GL,1651151757
qaanaaq,77.484,-69.3632,-4.19,73,100,2.43,GL,1651151758
flinders,-34.5833,150.8552,18.43,90,100,2.24,AU,1651151705
vestmannaeyjar,63.4427,-20.2734,9.55,81,20,2.57,IS,1651151760
baykit,61.67,96.37,3.73,98,100,2.1,RU,1651151760
korla,41.7597,86.1469,14.8,39,66,2.63,CN,1651151761
saint-augustin,51.226,-58.6502,0.92,99,100,5.54,CA,1651151762
punta arenas,-53.15,-70.9167,4.06,70,0,9.77,CL,1651151764
pevek,69.7008,170.3133,-5.78,90,100,2.35,RU,1651151766
chumikan,54.7183,135.315,-2.09,79,100,2.64,RU,1651151766
marawi,7.9986,124.2928,20.93,96,100,0.58,PH,1651151767
lagoa,39.05,-27.9833,14.66,96,100,2.95,PT,1651151768
nome,64.5011,-165.4064,2.04,80,100,5.66,US,1651151769
codrington,-38.2667,141.9667,19.64,65,5,7.36,AU,1651151770
avera,33.194,-82.5271,17.53,52,6,2.81,US,1651151770
beringovskiy,63.05,179.3167,-3.41,95,100,2.29,RU,1651151771
tamworth,52.634,-1.6959,11.1,70,100,2.24,GB,1651151772
yulara,-25.2406,130.9889,25.91,25,89,2.57,AU,1651151773
hukuntsi,-24.0,21.75,27.13,29,7,4.85,BW,1651151773
aklavik,68.2191,-135.0107,-14.0,85,100,2.57,CA,1651151774
ostrovnoy,68.0531,39.5131,-3.45,71,87,6.92,RU,1651151775
gorontalo,0.5412,123.0595,24.93,92,99,0.89,ID,1651151775
eureka,40.8021,-124.1637,7.04,87,92,0.45,US,1651151538
sumbe,-11.2061,13.8437,26.99,78,29,3.69,AO,1651151777
pokhara,28.2333,83.9833,28.18,29,79,1.18,NP,1651151778
amga,60.8953,131.9608,-6.13,95,65,1.4,RU,1651151779
sur,22.5667,59.5289,35.19,38,0,3.4,OM,1651151780
poltavka,54.3663,71.7632,23.96,26,76,7.57,RU,1651151781
provideniya,64.3833,-173.3,-5.18,88,25,4.66,RU,1651151781
dillingen,49.35,6.7333,21.73,26,11,4.25,DE,1651151782
ribeira grande,38.5167,-28.7,16.22,94,75,3.09,PT,1651151783
norman wells,65.282,-126.8329,-2.98,86,75,2.06,CA,1651151784
coahuayana,18.7333,-103.6833,22.78,55,42,1.15,MX,1651151784
mielec,50.2871,21.4239,18.21,42,76,3.6,PL,1651151785
port-gentil,-0.7193,8.7815,30.98,70,40,3.6,GA,1651151787
cidreira,-30.1811,-50.2056,23.95,79,4,1.96,BR,1651151788
bengkulu,-3.8004,102.2655,26.35,84,100,1.47,ID,1651151788
tallahassee,30.4383,-84.2807,21.59,79,20,6.17,US,1651151789
praia,14.9215,-23.5087,26.3,47,20,8.75,CV,1651151792
lorengau,-2.0226,147.2712,27.97,75,100,2.04,PG,1651151794
tulun,54.5611,100.5792,5.92,64,100,2.8,RU,1651151794
port hawkesbury,45.6169,-61.3485,6.21,99,100,4.12,CA,1651151795
ous,60.9058,61.5186,3.63,97,100,4.04,RU,1651151796
sucua,-2.4667,-78.1667,20.41,100,100,1.54,EC,1651151797
laguna,38.421,-121.4238,9.31,78,0,3.09,US,1651151797
karabanovo,56.3167,38.7,7.18,31,100,1.29,RU,1651151798
ocampo,21.65,-101.5,13.33,62,0,1.19,MX,1651151799
nalut,30.3333,10.85,31.11,13,0,1.67,LY,1651151801
malazgirt,39.1427,42.5401,16.39,62,100,4.12,TR,1651151801
baturaja,-4.1333,104.1667,25.11,93,98,0.57,ID,1651151802
fortuna,40.5982,-124.1573,6.48,92,20,0.0,US,1651151803
meadow lake,34.8014,-106.5436,14.27,22,0,2.21,US,1651151804
esna,25.2934,32.554,38.7,6,0,3.1,EG,1651151806
vostok,46.4856,135.8833,-1.29,82,32,1.61,RU,1651151806
tasiilaq,65.6145,-37.6368,3.09,80,100,3.1,GL,1651151807
saint-georges,12.0564,-61.7485,26.82,89,75,6.17,GD,1651151808
pangkalanbuun,-2.6833,111.6167,25.31,91,87,0.64,ID,1651151809
porto novo,6.4965,2.6036,31.65,50,100,1.18,BJ,1651151810
lasa,46.6166,10.7002,18.72,45,6,2.27,IT,1651151810
daru,-9.0763,143.2092,26.97,83,100,4.98,PG,1651151811
miles city,46.4083,-105.8406,7.54,93,75,3.09,US,1651151812
san rafael,-34.6177,-68.3301,7.35,50,47,1.3,AR,1651151813
montijo,38.7067,-8.9739,22.6,48,40,6.17,PT,1651151813
bethel,41.3712,-73.414,7.05,51,20,6.17,US,1651151814
vangaindrano,-23.35,47.6,21.73,85,9,5.35,MG,1651151815
college,64.8569,-147.8028,2.72,67,20,3.6,US,1651151816
samarai,-10.6167,150.6667,27.74,79,21,4.26,PG,1651151816
port hardy,50.6996,-127.4199,0.1,100,40,1.54,CA,1651151817
bungu,-7.6337,39.0582,25.56,91,79,2.56,TZ,1651151818
sola,-13.8833,167.55,27.21,79,100,5.31,VU,1651151819
nanortalik,60.1432,-45.2371,4.42,80,100,2.62,GL,1651151820
upington,-28.4478,21.2561,30.21,25,20,6.17,ZA,1651151820
tashla,51.7716,52.7427,17.46,71,72,8.16,RU,1651151821
magistralnyy,56.1725,107.4458,-1.96,93,49,1.07,RU,1651151822
san juan,-31.5375,-68.5364,10.39,45,0,8.62,AR,1651151822
bridgetown,13.1,-59.6167,24.27,100,75,6.17,BB,1651151823
olafsvik,64.8945,-23.7142,7.2,69,38,5.11,IS,1651151824
mareeba,-17.0,145.4333,22.4,91,100,1.13,AU,1651151825
bonavista,48.6499,-53.1147,3.72,81,100,3.93,CA,1651151826
mantua,45.1667,10.7833,21.86,49,30,1.34,IT,1651151826
dillon,34.4166,-79.3712,17.28,54,71,5.04,US,1651151827
ambilobe,-13.2,49.05,27.34,82,93,2.13,MG,1651151828
kirakira,-10.4544,161.9205,27.43,79,86,2.11,SB,1651151828
sri aman,1.2376,111.4621,25.03,94,15,0.0,MY,1651151830
ndago,-4.6,34.35,25.86,47,83,4.1,TZ,1651151832
yangjiang,21.85,111.9667,26.25,86,39,3.28,CN,1651151832
tinaquillo,9.9186,-68.3047,25.81,75,100,0.66,VE,1651151833
tlacotepec,20.0667,-97.8667,15.09,76,8,1.75,MX,1651151834
narsaq,60.9167,-46.05,10.12,81,100,2.34,GL,1651151835
alice springs,-23.7,133.8833,20.75,49,27,1.54,AU,1651151835
kloulklubed,7.0419,134.2556,24.28,74,100,3.42,PW,1651151837
sabha,27.0377,14.4283,37.4,5,0,8.13,LY,1651151838
pachino,36.7186,15.0907,17.52,66,100,7.66,IT,1651151839
pervomayskoye,43.919,46.7102,25.23,38,52,5.73,RU,1651151840
mpika,-11.8343,31.4529,18.47,76,78,4.65,ZM,1651151843
egvekinot,66.3167,-179.1667,-9.64,68,20,4.48,RU,1651151843
namibe,-15.1961,12.1522,25.72,63,32,4.06,AO,1651151844
waddan,29.1614,16.139,36.0,7,0,4.06,LY,1651151845
tsiroanomandidy,-18.7667,46.0333,24.87,67,94,0.87,MG,1651151846
esperance,-33.8667,121.9,15.73,68,65,7.67,AU,1651151669
wilmington,34.2257,-77.9447,17.19,57,0,4.12,US,1651151848
chabahar,25.2919,60.643,31.48,56,0,8.8,IR,1651151849
manaure,11.7751,-72.4445,27.02,73,99,6.86,CO,1651151850
sistranda,63.7256,8.834,5.98,58,100,5.89,NO,1651151851
tiruchchendur,8.4833,78.1167,30.28,70,100,7.51,IN,1651151852
lavrentiya,65.5833,-171.0,-7.42,95,97,4.26,RU,1651151852
sovetskiy,61.3614,63.5842,4.78,96,100,3.43,RU,1651151853
mawlaik,23.6333,94.4167,34.96,21,80,1.29,MM,1651151854
zeya,53.75,127.2667,2.74,43,98,4.11,RU,1651151855
talon,11.56,122.6811,26.79,88,100,1.68,PH,1651151856
totness,5.8833,-56.3167,27.95,76,90,4.2,SR,1651151856
san pedro,14.35,121.0167,30.2,73,20,2.57,PH,1651151857
kargil,34.5667,76.1,9.24,47,79,3.57,IN,1651151858
unai,-16.3575,-46.9061,26.15,56,0,2.85,BR,1651151858
halifax,44.6453,-63.5724,5.94,95,100,7.2,CA,1651151711
geretsried,47.8578,11.4805,17.57,45,8,4.24,DE,1651151860
general roca,-39.0333,-67.5833,10.35,44,1,7.14,AR,1651151861
syracuse,37.0881,15.2792,20.65,68,100,2.31,IT,1651151862
koslan,63.4564,48.8989,-0.42,45,100,3.42,RU,1651151864
balclutha,-46.2339,169.75,7.78,96,90,0.73,NZ,1651151865
alta floresta,-9.8756,-56.0861,31.9,62,0,2.57,BR,1651151865
west bay,19.3667,-81.4167,27.82,74,20,3.6,KY,1651151866
tavira,37.1273,-7.6486,19.04,74,0,3.13,PT,1651151867
beloha,-25.1667,45.05,21.52,58,100,5.57,MG,1651151868
maniitsoq,65.4167,-52.9,-2.75,95,100,2.98,GL,1651151868
effingham,32.3669,-81.3332,18.3,46,1,3.19,US,1651151869
mount isa,-20.7333,139.5,26.87,57,75,4.63,AU,1651151870
klyuchi,52.2667,79.1667,21.55,32,13,2.47,RU,1651151871
marzuq,14.4,46.4667,29.94,35,5,9.28,YE,1651151871
marshall,34.3834,-86.3333,16.32,69,0,2.57,US,1651151872
mayo,38.8876,-76.5119,6.06,57,75,9.26,US,1651151873
asasa,7.1,39.2,21.33,49,100,5.57,ET,1651151873
urumqi,43.801,87.6005,15.53,23,0,4.0,CN,1651151777
adamovka,51.5223,59.9396,20.8,37,95,6.37,RU,1651151875
kodinsk,58.6881,99.1844,3.2,99,100,1.84,RU,1651151876
conde,-7.2597,-34.9075,27.7,74,40,5.14,BR,1651151876
edd,13.9297,41.6925,35.81,44,2,11.93,ER,1651151877
houlton,46.1262,-67.8403,0.4,81,100,7.2,US,1651151878
tura,25.5198,90.2201,26.99,63,0,2.11,IN,1651151879
san quintin,30.4833,-115.95,13.83,75,100,4.69,MX,1651151879
jiancheng,30.391,104.5491,20.77,58,100,2.06,CN,1651151880
chuy,-33.6971,-53.4616,15.65,86,100,3.09,UY,1651151881
sumkino,58.1108,68.3244,18.8,59,91,8.05,RU,1651151882
begoro,6.3871,-0.3774,25.07,70,100,1.32,GH,1651151883
saint-pierre,-21.3393,55.4781,27.38,69,40,4.12,RE,1651151883
coihaique,-45.5752,-72.0662,1.34,86,75,0.0,CL,1651151884
klaksvik,62.2266,-6.589,8.51,76,83,2.23,FO,1651151885
zheleznodorozhnyy,55.7503,38.0042,8.12,24,100,1.11,RU,1651151886
merritt island,28.5392,-80.672,26.16,80,40,6.17,US,1651151887
asau,46.4333,26.4,11.09,100,100,1.72,RO,1651151888
talnakh,69.4865,88.3972,-8.23,92,66,0.94,RU,1651151889
qobustan,40.0824,49.412,21.43,57,6,2.89,AZ,1651151890
suleya,55.1352,58.8792,12.69,91,100,4.33,RU,1651151891
sangar,63.9242,127.4739,-8.5,94,100,2.15,RU,1651151891
komsomolskiy,40.4272,71.7189,26.4,25,100,2.06,UZ,1651151892
auki,-8.7676,160.7034,25.56,88,100,1.51,SB,1651151893
airai,-8.9266,125.4092,15.71,93,69,0.61,TL,1651151894
den helder,52.9599,4.7593,13.34,72,100,8.94,NL,1651151896
wangqing,43.3218,129.7634,7.16,35,100,0.86,CN,1651151897
meulaboh,4.1363,96.1285,26.87,83,100,0.52,ID,1651151897
castro,-24.7911,-50.0119,23.66,63,52,4.69,BR,1651151899
lashio,22.9333,97.75,27.95,23,69,1.05,MM,1651151900
rudnogorsk,57.2639,103.7519,-1.71,89,26,0.83,RU,1651151901
yar-sale,66.8333,70.8333,-4.08,83,100,1.99,RU,1651151902
coquimbo,-29.9533,-71.3436,14.85,67,0,2.06,CL,1651151904
pancas,-19.225,-40.8514,28.43,60,23,0.97,BR,1651151905
mata de sao joao,-12.5303,-38.2992,30.86,75,92,3.53,BR,1651151905
namatanai,-3.6667,152.4333,26.93,78,76,2.88,PG,1651151906
port moresby,-9.4431,147.1797,25.22,88,82,3.75,PG,1651151907
yumen,40.2833,97.2,13.68,17,71,6.06,CN,1651151907
san policarpo,12.1791,125.5072,26.75,85,90,3.11,PH,1651151908
saint-francois,46.4154,3.9054,23.15,35,0,3.09,FR,1651151908
kieta,-6.2167,155.6333,26.49,82,19,2.27,PG,1651151909
sept-iles,50.2001,-66.3821,2.81,62,100,8.75,CA,1651151910
souillac,-20.5167,57.5167,25.21,88,75,3.09,MU,1651151910
wyndham,37.6985,-77.6125,8.35,58,0,4.92,US,1651151911
springdale,36.1867,-94.1288,16.85,57,100,3.6,US,1651151911
la ronge,55.1001,-105.2842,1.12,86,75,5.14,CA,1651151912
fallon,39.4735,-118.7774,9.69,27,0,2.57,US,1651151913
abu samrah,35.3029,37.1841,26.93,28,83,7.77,SY,1651151913
sao filipe,14.8961,-24.4956,22.5,70,0,5.86,CV,1651151914
along,28.1667,94.7667,23.0,76,10,0.15,IN,1651151914
carlton,45.2943,-123.1765,7.21,90,100,1.54,US,1651151916
lagunas,-5.2269,-75.6753,23.7,97,100,0.7,PE,1651151917
vardo,70.3705,31.1107,-3.01,74,65,9.26,NO,1651151918
webuye,0.6075,34.7697,21.28,76,100,2.24,KE,1651151918
vallenar,-28.5708,-70.7581,22.82,11,0,0.64,CL,1651151919
ayorou,14.7308,0.9174,39.37,9,100,0.42,NE,1651151919
grand gaube,-20.0064,57.6608,26.88,70,0,0.89,MU,1651151920
ranong,9.9658,98.6348,25.96,82,66,1.17,TH,1651151836
almaznyy,48.0448,40.045,17.71,42,7,3.99,RU,1651151921
rio grande,-32.035,-52.0986,16.06,95,100,12.12,BR,1651151922
richards bay,-28.783,32.0377,25.07,52,0,4.68,ZA,1651151770
novoagansk,61.9449,76.6625,3.4,100,100,3.21,RU,1651151923
saint anthony,45.0205,-93.218,4.42,53,0,7.2,US,1651151923
zhuhai,22.2769,113.5678,30.48,89,40,3.6,CN,1651151924
privolzhskiy,51.4,46.0333,15.73,26,15,5.28,RU,1651151924
henties bay,-22.116,14.2845,21.04,60,5,5.04,NA,1651151925
bosconia,9.9689,-73.8836,25.05,83,100,1.37,CO,1651151926
sitka,57.0531,-135.33,4.94,81,75,0.0,US,1651151926
fomboni,-12.28,43.7425,28.12,75,96,9.17,KM,1651151927
cabo san lucas,22.8909,-109.9124,25.17,35,0,5.14,MX,1651151927
mayskiy,47.6931,40.1025,20.67,39,1,4.45,RU,1651151928
erdenet,49.0333,104.0833,1.8,47,55,1.91,MN,1651151928
bonthe,7.5264,-12.505,30.34,67,100,4.1,SL,1651151929
lakes entrance,-37.8811,147.981,16.76,83,71,2.22,AU,1651151929
sydney mines,46.2367,-60.2177,5.45,94,100,8.23,CA,1651151930
vila,42.0304,-8.1588,16.49,55,0,3.1,PT,1651151930
woodstock,43.1334,-80.7497,2.74,67,0,2.68,CA,1651151931
port macquarie,-31.4333,152.9167,18.27,88,100,4.86,AU,1651151932
stromness,58.965,-3.296,11.04,71,22,1.79,GB,1651151932
deputatskiy,69.3,139.9,-14.77,99,100,0.44,RU,1651151933
maceio,-9.6658,-35.7353,24.69,94,75,3.09,BR,1651151933
maldonado,-34.6667,-54.9167,17.66,64,100,2.92,UY,1651151934
urucara,-2.5364,-57.76,28.4,72,100,1.87,BR,1651151934
karratha,-20.7377,116.8463,22.65,83,100,1.57,AU,1651151935
muros,42.7762,-9.0603,20.61,51,0,3.43,ES,1651151935
bundaberg,-24.85,152.35,19.56,96,16,3.09,AU,1651151936
mount gambier,-37.8333,140.7667,20.21,58,5,5.51,AU,1651151937
haines junction,60.7522,-137.5108,0.97,93,100,1.03,CA,1651151937
saint-leu,-21.15,55.2833,27.04,73,27,1.47,RE,1651151938
ostersund,63.1792,14.6357,4.23,65,40,8.23,SE,1651151939
kununurra,-15.7667,128.7333,25.99,78,56,2.06,AU,1651151939
gambela,8.25,34.5833,34.25,39,100,3.22,ET,1651151940
lenger,42.183,69.8839,24.69,55,100,3.36,KZ,1651151941
san patricio,28.017,-97.5169,24.36,90,25,3.41,US,1651151941
pervoavgustovskiy,52.2264,35.0552,12.03,51,100,3.73,RU,1651151942
bogorodskoye,56.55,37.8833,6.77,33,92,2.11,RU,1651151943
yerbogachen,61.2767,108.0108,-1.6,90,23,1.87,RU,1651151943
comodoro rivadavia,-45.8667,-67.5,5.92,52,0,1.54,AR,1651151947
gizo,-8.103,156.8419,28.24,73,67,1.75,SB,1651151947
mangai,-4.05,19.5333,30.1,57,17,0.47,CD,1651151949
igrim,63.1906,64.4162,0.01,97,100,4.94,RU,1651151950
skeldon,5.8833,-57.1333,27.26,83,87,2.41,GY,1651151950
roald,62.5833,6.1333,6.29,75,75,3.09,NO,1651151951
dmytrivka,45.9717,28.9864,17.85,49,100,5.94,UA,1651151952
diapaga,12.0708,1.7889,36.71,26,100,2.57,BF,1651151952
romitan,39.9343,64.3814,29.97,32,0,4.12,UZ,1651151953
ouahigouya,13.5828,-2.4216,38.08,11,42,3.69,BF,1651151954
berdigestyakh,62.0989,126.6992,-7.85,96,43,1.95,RU,1651151954
manzanillo,20.3433,-77.1167,23.81,66,11,5.55,CU,1651151955
burscheid,51.1,7.1167,19.12,43,10,2.63,DE,1651151956
rawson,-43.3002,-65.1023,7.34,47,2,10.16,AR,1651151957
dovers,12.8833,-61.1833,25.77,83,100,6.55,VC,1651151958
civitanova marche,43.307,13.7206,18.66,63,0,5.36,IT,1651151960
half moon bay,37.4636,-122.4286,10.42,83,40,6.17,US,1651151960
byron bay,-28.65,153.6167,18.86,85,100,2.86,AU,1651151961
copiapo,-27.3667,-70.3333,8.83,23,0,0.57,CL,1651151963
hovd,48.0056,91.6419,8.42,22,1,1.9,MN,1651151964
naryan-mar,67.6713,53.087,-3.29,82,100,8.88,RU,1651151964
trelew,-43.249,-65.3051,6.78,43,0,8.66,AR,1651151965
jacareacanga,-6.2222,-57.7528,28.14,73,99,1.6,BR,1651151965
ahipara,-35.1667,173.1667,15.23,85,50,4.02,NZ,1651151967
ancud,-41.8697,-73.8203,5.93,85,100,1.95,CL,1651151968
labuhan,-6.8844,112.2051,27.08,83,100,1.55,ID,1651151969
bintulu,3.1667,113.0333,26.23,89,20,0.0,MY,1651151956
banjar,-8.19,114.9675,25.53,91,79,1.41,ID,1651151970
barra do garcas,-15.89,-52.2567,29.32,58,0,2.06,BR,1651151971
dawei,14.0833,98.2,27.62,85,44,1.2,MM,1651151971
hailey,43.5196,-114.3153,4.93,61,0,4.63,US,1651151972
panama city,8.9936,-79.5197,26.21,86,40,3.09,PA,1651151972
balod,20.73,81.2047,37.57,10,85,3.33,IN,1651151973
omboue,-1.5746,9.2618,28.59,73,55,4.29,GA,1651151974
yinchuan,38.4681,106.2731,17.94,17,93,1.6,CN,1651151974
houma,29.5958,-90.7195,19.44,78,0,2.57,US,1651151975
nishihara,26.1842,127.7558,25.81,94,75,5.66,JP,1651151976
whyalla,-33.0333,137.5833,20.94,64,75,3.09,AU,1651151976
suruc,36.9761,38.425,29.19,20,100,3.12,TR,1651151977
teya,60.3778,92.6267,5.54,96,100,3.61,RU,1651151977
londonderry,54.9981,-7.3093,12.85,54,40,5.14,GB,1651151978
cadillac,44.2519,-85.4012,2.27,55,0,1.54,US,1651151979
palmer,42.1584,-72.3287,6.03,50,7,4.02,US,1651151979
hadishahr,38.8431,45.6635,21.27,50,96,4.35,AZ,1651151980
piranshahr,36.701,45.1413,17.6,59,77,3.03,IR,1651151980
homer,59.6425,-151.5483,4.93,72,0,2.68,US,1651151981
mutis,6.2262,-77.4044,27.08,81,99,2.5,CO,1651151981
whitecourt,54.1502,-115.6855,1.58,80,75,4.12,CA,1651151983
husavik,66.0449,-17.3389,7.34,62,24,0.44,IS,1651151983
verkh-usugli,52.7,115.1667,-0.3,89,100,2.23,RU,1651151984
krasnoarmeysk,51.0239,45.6969,14.71,44,25,5.53,RU,1651151985
sao raimundo nonato,-9.0153,-42.6994,29.95,42,80,3.73,BR,1651151985
les cayes,18.2,-73.75,25.0,70,100,1.13,HT,1651151986
arcani,45.0833,23.1333,16.37,63,14,0.47,RO,1651151986
westport,41.1415,-73.3579,7.75,50,20,11.32,US,1651151987
charters towers,-20.1,146.2667,22.74,78,94,4.5,AU,1651151987
shirgaon,19.7,72.7,32.35,51,5,4.36,IN,1651151988
los andes,-32.8337,-70.5983,11.12,33,0,1.37,CL,1651151751
hasaki,35.7333,140.8333,13.22,62,0,4.25,JP,1651151747
keti bandar,24.1447,67.4497,30.76,60,0,8.12,PK,1651151989
aranos,-24.1333,19.1167,30.13,19,83,5.19,NA,1651151990
phangnga,8.4509,98.5298,29.02,91,86,1.63,TH,1651151896
srednekolymsk,67.45,153.6833,-10.07,96,100,3.15,RU,1651151851
bahia de caraquez,-0.6,-80.4167,25.1,87,100,3.11,EC,1651151992
nioro,13.35,-15.75,37.81,13,4,2.9,GM,1651151993
cotonou,6.3654,2.4183,29.74,60,100,1.71,BJ,1651151993
bathurst,-33.4166,149.5806,13.79,99,77,0.51,AU,1651151994
margate,51.3813,1.3862,12.05,66,94,2.68,GB,1651151949
hearst,49.6835,-83.6665,2.14,71,12,1.99,CA,1651151995
bila tserkva,49.8094,30.1121,13.78,55,99,2.05,UA,1651151996
geraldton,-28.7667,114.6,16.23,88,63,4.12,AU,1651151932
ranau,5.9538,116.6641,21.32,99,99,0.51,MY,1651151716
padang,-0.9492,100.3543,27.03,85,100,0.3,ID,1651151509
kushmurun,52.4503,64.6311,21.23,37,100,6.84,KZ,1651151999
waikuku,-43.3,172.6833,10.02,94,18,1.35,NZ,1651152000
taltal,-25.4,-70.4833,19.38,62,0,2.43,CL,1651152000
veraval,20.9,70.3667,31.35,54,0,7.91,IN,1651151966
rovira,4.2392,-75.24,22.94,70,100,1.08,CO,1651152002
manoel urbano,-8.8389,-69.2597,27.64,70,69,0.77,BR,1651152002
bang racham,14.892,100.3173,29.47,59,100,4.49,TH,1651152003
sorland,67.667,12.6934,1.92,55,75,5.14,NO,1651152004
yuzhno-kurilsk,44.0306,145.8556,3.35,68,100,4.03,RU,1651152004
portland,45.5234,-122.6762,7.51,89,100,0.45,US,1651152005
isla mujeres,21.2311,-86.731,24.03,67,11,4.87,MX,1651152005
todos santos,23.45,-110.2167,19.09,50,0,3.11,MX,1651152006
vengerovo,55.6848,76.7471,22.68,40,56,5.83,RU,1651152006
washougal,45.5826,-122.3534,7.39,92,100,0.45,US,1651152007
baiyin,36.5583,104.2081,15.75,24,28,2.81,CN,1651152008
nago,26.5881,127.9761,26.24,94,1,3.33,JP,1651151823
chunoyar,57.4467,97.3217,3.66,99,100,1.21,RU,1651152009
te anau,-45.4167,167.7167,7.56,94,11,0.45,NZ,1651152009
vanimo,-2.6741,141.3028,26.36,83,90,0.63,PG,1651152010
hay river,60.8156,-115.7999,-1.02,86,75,3.6,CA,1651152010
matamoros,25.5333,-103.25,18.06,68,0,4.63,MX,1651152011
tando ghulam ali,25.1311,68.8676,38.23,20,0,8.88,PK,1651152012
kachiry,53.0675,76.1036,22.67,41,34,3.13,KZ,1651152014
guerrero negro,27.9769,-114.0611,13.88,86,3,5.77,MX,1651152014
ayan,56.45,138.1667,-1.05,75,100,4.21,RU,1651152016
hualmay,-11.0964,-77.6139,18.76,92,84,2.7,PE,1651152017
necochea,-38.5473,-58.7368,11.18,58,7,10.08,AR,1651152018
kiunga,-6.1219,141.2906,24.16,97,99,0.81,PG,1651152020
gimli,50.6336,-96.9907,-0.99,69,100,3.6,CA,1651152020
vao,-22.6667,167.4833,24.39,73,100,9.26,NC,1651152021
opuwo,-18.0607,13.84,30.64,24,14,3.71,NA,1651152006
preobrazheniye,42.9019,133.9064,7.74,53,100,2.84,RU,1651152022
magadi,12.9667,77.2333,34.86,19,40,4.3,IN,1651152022
kaohsiung,22.6163,120.3133,28.35,82,40,2.06,TW,1651151914
ilave,-16.0833,-69.6667,9.67,40,49,0.72,PE,1651152024
jinchang,38.4953,102.1739,14.22,28,100,2.19,CN,1651152024
svetlogorsk,52.6333,29.7333,11.29,43,97,3.55,BY,1651152025
calahorra,42.3051,-1.9652,18.95,63,89,6.46,ES,1651152025
dwarka,22.2394,68.9678,30.53,64,0,6.16,IN,1651152026
zhanaozen,43.3,52.8,28.17,24,28,0.94,KZ,1651152026
praya,14.9215,-23.5087,26.3,47,20,8.75,CV,1651151792
randfontein,-26.1844,27.702,20.33,23,2,3.9,ZA,1651152028
kholtoson,50.2981,103.3097,-0.26,45,69,1.5,RU,1651152029
trojes,41.756,19.962,22.27,52,0,4.71,AL,1651152030
islamkot,24.6997,70.177,37.78,14,0,8.12,PK,1651152030
kulhudhuffushi,6.6221,73.07,29.8,67,98,0.41,MV,1651152031
mumford,5.2618,-0.759,25.95,81,100,3.45,GH,1651152031
falam,22.9167,93.6833,22.18,32,12,2.02,MM,1651152032
morehead,37.2711,-87.1764,14.41,74,0,0.0,US,1651152033
boguchany,58.3814,97.4531,4.12,98,99,0.99,RU,1651152033
nosy varika,-20.5833,48.5333,24.66,59,61,6.77,MG,1651152034
cockburn town,21.4612,-71.1419,24.04,58,64,5.62,TC,1651152036
pacific grove,36.6177,-121.9166,9.81,86,16,5.36,US,1651152037
hambantota,6.1241,81.1185,28.58,75,82,4.7,LK,1651152037
paraiso,9.8383,-83.8656,21.05,94,66,1.53,CR,1651152038
duluth,46.7833,-92.1066,1.98,74,0,7.72,US,1651152039
kayerkan,69.3497,87.7602,-9.46,95,70,2.45,RU,1651152040
boende,-0.2167,20.8667,26.15,80,100,1.74,CD,1651152041
high prairie,55.4334,-116.4858,0.38,95,100,5.53,CA,1651152041
broome,42.2506,-75.833,3.72,54,0,7.2,US,1651152042
palaikastron,35.2,26.25,20.76,60,9,3.69,GR,1651152043
pio ix,-6.8375,-40.5792,28.84,53,77,4.41,BR,1651152044
giyon,8.5333,37.9833,22.1,47,90,2.54,ET,1651152045
lata,40.1629,-8.3327,24.49,47,0,3.37,PT,1651152047
mpongwe,-13.5091,28.155,22.49,55,54,3.88,ZM,1651152048
tessalit,20.1986,1.0114,34.8,6,0,4.33,ML,1651152048
bontoc,17.0899,120.978,21.3,97,89,0.64,PH,1651152049
harper,4.375,-7.7169,28.68,76,100,3.94,LR,1651152049
rio de jesus,7.9844,-81.1631,25.17,87,99,1.25,PA,1651152050
sainte-rose,16.3324,-61.6979,27.88,73,100,4.63,GP,1651152051
sinnamary,5.3833,-52.95,27.62,78,71,3.97,GF,1651152051
novaci,45.1833,23.6667,14.04,72,40,0.92,RO,1651152052
katsuura,35.1333,140.3,15.01,76,52,4.87,JP,1651152052
cerro azul,21.2,-97.7333,21.97,86,0,1.07,MX,1651152053
murchison,-41.8,172.3333,11.19,95,95,0.45,NZ,1651152053
karimganj,24.8667,92.35,27.99,70,0,2.57,IN,1651152054
lichtenburg,-26.152,26.1597,20.46,37,21,3.0,ZA,1651152054
fort saint james,54.4333,-124.25,-2.07,89,70,1.35,CA,1651152055
palana,59.1167,159.9667,-0.66,76,100,7.51,RU,1651152057
cuenca,-2.8833,-78.9833,13.07,94,75,0.0,EC,1651152057
la rioja,42.25,-2.5,12.88,71,97,3.81,ES,1651152058
hlohovec,48.4317,17.8031,19.87,38,35,6.83,SK,1651152059
prince rupert,54.3161,-130.3201,5.83,93,100,3.09,CA,1651152059
pangnirtung,66.1451,-65.7125,-8.0,67,75,10.8,CA,1651152060
priiskovyy,51.9333,116.6333,2.85,43,59,2.08,RU,1651152061
mae sai,20.4335,99.8762,30.93,38,53,0.92,TH,1651151896
funtua,11.5233,7.3081,34.58,26,100,3.82,NG,1651152063
bilma,18.6853,12.9164,39.47,7,56,5.7,NE,1651152063
newberry,34.2746,-81.6187,16.37,71,55,1.82,US,1651152064
kawalu,-7.3817,108.2082,23.63,94,97,0.63,ID,1651152064
denpasar,-8.65,115.2167,27.81,88,20,0.51,ID,1651151757
kidal,18.4411,1.4078,35.64,5,0,3.81,ML,1651152065
ipanguacu,-5.4983,-36.855,32.03,51,49,2.96,BR,1651152066
zakamensk,50.3741,103.2863,0.41,46,70,1.38,RU,1651152066
tiznit,29.5833,-9.5,24.81,33,8,5.14,MA,1651152067
kousseri,12.0769,15.0306,38.25,24,81,4.49,CM,1651152068
ulaanbaatar,47.9077,106.8832,2.07,21,0,6.0,MN,1651151777
grand forks,47.9417,-97.4337,2.1,64,75,4.12,US,1651152069
manokwari,-0.8667,134.0833,26.06,81,72,1.92,ID,1651152069
betioky,-23.7167,44.3833,24.23,55,44,6.43,MG,1651152070
moose factory,51.2585,-80.6094,2.0,44,0,4.12,CA,1651152071
